finding,severity,problem,evidence,impact,verification,proposed_fix_and_acceptance
F01,عالية,F01 — إثبات ملكية الطلب غير مربوط بالطلب,[issueToken:24][tokensissue]، [claim:51][claim]، [verify:23][claimverify]، AuthToken لا يحمل resourceId,من يعرف refCode لطلب غير مربوط يستطيع بدء pending claim ثم استخدام رمز تدفق طلب يملكه لربط المورد الآخر؛ refCode وحده يجب ألا يكون إثبات ملكية,تشغيل: victim/own claim200، verify307، قراءة الضحية 200 بواسطة رمز تدفق الطلب الآخر؛ البريد كله مصطنع,token مرتبط بـ claimId/requestId/userId/الغرض/expiry، وتحقق واستهلاك وربط ذري. قبول: تبديل ref/resource/user يفشل، غير المالك 403؛ الرابط الصحيح فقط يعمل مرة واحدة
F02,عالية,F02 — تسريب رموز الحساب من البريد,[email:41][emailstore] و[75][emailsmtp]، [outbox:16][outbox]، permissions للدور ops_manager,قارئ outbox يرى reset/verify/invite links الخاصة بمستخدمين أعلى صلاحية؛ ينطبق حتى مع SMTP لأن نص الرسالة محفوظ. استيلاء الحساب أثر محتمل عند رمز صالح، لم ننفذ استيلاء على حساب حقيقي,تشغيل: ops outbox200 ونصه يحتوي رمز الاستعادة الاصطناعي,outbox metadata فقط مع redaction قبل التخزين والعرض؛ إزالة bodies القديمة الحساسة بمعالجة مُعتمدة وسياسة retention. قبول: لا token في API/DB logs/console، و ops لا يستخرج secret من أي تدفق
F03,عالية,F03 — وضع بريد تجريبي غير محظور بالإنتاج,[email:26][emaildev]، `src/app/api/auth/forgot-password/route.ts`، `.env.example`,تفعيل EMAIL_DEV_MODE بالإنتاج يعيد devResetUrl و devVerifyUrl للمتصفح؛ لا حاجة للسيطرة على بريد الضحية. شرط الإعداد معلوم؛ إعداد الإنتاج الفعلي مجهول,تشغيل standalone مع NODE_ENV=production و mock محلي: devResetUrlReturned=true,startup validation يمنع dev mode بالإنتاج، والـ API لا يعيد raw links في وضع الإنتاج. قبول: boot يفشل بإعداد غير آمن، ورد forgot/register/claim لا يحتوي روابط سرية؛ SMTP غير مضبوط يظهر فشلًا داخليًا قابلًا للرصد
F04,عالية,F04 — SVG عام ينفذ على أصل التطبيق,[storage:32][storagetypes]، [media:19][mediadelivery]، `src/app/api/admin/media/route.ts`,محرر وسائط قادر على رفع محتوى نشط؛ فتح الرابط قد ينفذ إجراءات بامتياز جلسة الزائر. MIME من العميل ليس فحصًا للملف؛ nosniff لا يمنع SVG JavaScript,تشغيل: upload201؛ علامة JavaScript حميدة نُفذت عند فتح SVG من نفس الأصل,منع SVG النشط فورًا، signature/content inspection، rasterization أو sanitization مثبتة + أصل ملفات منفصل بلا cookies عند الحاجة. قبول: payloads SVG/HTML/polyglot لا تنفذ؛ مسارات الملفات الخاصة لا تصبح عامة؛ quotas وحجم upload محددان
F05,عالية,F05 — مرفق الاستفسار يتجاوز صلاحيات المجال,[attachment:18][attachment]؛ الفرع else يقيد client فقط,content_editor بلا صلاحية inquiries يقرأ مرفقها؛ client مالك استفسار قد يُمنع من مرفق رفعه موظف لأن الشرط يختبر uploader وليس مالك inquiry,تشغيل: editor inquiry attachment200 بعد وضع الملف الاصطناعي في مسار standalone؛ client آخر 403,canAccessInquiry مشتركة للصفحة/API/تنزيل الملف، ارتباط واحد صحيح لكل attachment. قبول: مصفوفة owner/nonowner/content_editor/support/suspended لكل request/inquiry ولملف رفعه موظف؛ كل الرفض قبل قراءة bytes
F06,عالية,F06 — تجاوز allowedRoles وتسريب metadata,[CMS:106][cmsroles]، [metadata:45][cmsmetadata],كل staff مقبول رغم allowlist؛ anon يحصل على SEO لصفحة مقيدة ضمن استجابة redirect. noindex لا يمنع كشف المعلومات,تشغيل: editor يرى صفحة allowlist=support200؛ anon307 يحوي SEO marker,predicate وصول واحدة قبل metadata والمحتوى؛ استثناء super_admin صريح ومعتمد فقط. قبول: جميع أدوار خارج allowlist ممنوعة و HTML/RSC/meta لا تكشف الحقول المقيدة
F07,عالية,F07 — dashboard يكشف بيانات خارج صلاحية المستخدم,[dashboard:10][dashboard]، [43][dashboarddata]، `src/app/[locale]/admin/page.tsx`,صلاحية admin.dashboard تمنح content_editor أسماء عملاء وطلبات وأحداث تدقيق؛ التصاريح المنفصلة requests/users/audit لا تُستخدم لتشكيل الرد,تشغيل: editor200، 8 طلبات وأسماء عملاء/فاعلي audit ظاهرة,DTO وحساب metrics لكل permission، ونفس سياسة SSR. قبول: editor يشاهد المحتوى المسموح فقط؛ دعم/عمليات لا يحصلان على مجالات محظورة؛ اختبار JSON و HTML معًا
F08,عالية,F08 — الحقول التحريرية المشتركة تُنشر عند الحفظ,[page PATCH:104][pagepatchmeta]، [CMS:26][cmsselect]، [schema:402][page],محرر pages.edit دون pages.publish يغير SEO/title/slug/visibility/isHome/order في الموقع مباشرة؛ حماية المسودة لا تشمل كل الحقول. بعض تغييرات seed SEO قد تُكتب فوقها,تشغيل: unpublishedSeoVisible=true؛ نشر محرر مرفوض 403 لكن SEO يصل للعامة,snapshots draft/published كاملة + فصل لغة/خصائص مشتركة مع صلاحية نشر صريحة؛ لا تبديل routing/ACL تلقائيًا. قبول: تغيير أي حقل مؤثر لا يغير public قبل نشره، ولا يسرّب draft في HTML/RSC/sitemap/navigation
F09,عالية,F09 — منع تعارض الحفظ غير ذري,[PATCH:78][pagecas]، [update:148][pageupdate]، [editor:210][editorsave],timestamp اختياري، سماح بفارق 1500ms، قراءة ثم كتابة بلا شرط DB؛ آخر كاتب يمحو تعديل الآخر، و payload يحمل اللغتين,تشغيل: حفظان متتابعان بنفس النسخة القديمة 200/200؛ ثانيهما يستبدل الأول,revision integer إلزامي لكل locale/metadata، تحديث where id+revision ثم زيادة ذرية، queue للطلبات المحلية. قبول: 10 حفظات لنفس revision تعطي نجاحًا واحدًا و 9 تعارضات 409؛ لا تضيع اللغة الأخرى؛ conflict قابل للمراجعة دون discard صامت
F10,عالية,F10 — الرمز أحادي الاستخدام يُستهلك عدة مرات متزامنة,[consumeToken:33][tokensconsume]، reset/verify/claim callers,read-then-update يسمح باستخدام الرمز عدة مرات؛ claim يستهلكه قبل فحص المورد. دعوات المستخدم كذلك تحتاج مراجعة الذرية بين إنشاء الحساب وتعليم الدعوة مستخدمة,تشغيل مساعد consumeToken على DB منفصلة: 10 نجاحات من 10 لمحاولة رمز واحد متزامنة؛ ليس كل تدفق HTTP أُعيد بهذه الصورة,conditional update على usedAt=null/expiry/type/resource ضمن transaction للعملية المرتبطة. قبول: استخدام متزامن واحد فقط، ولا تُستهلك رابطة عند جلسة/مورد غير صحيح، ولا حسابات جزئية بعد فشل العملية
F11,عالية,F11 — استمرار الملفات والنسخ الاحتياطي غير مضمون,[storage:9][storage]، [backup:8][backuppath]، [.gitignore][ignore],standalone يغيّر cwd؛ إعادة build/deploy قد تعزل الملفات أو تفقدها إن كانت داخل artifact. النسخ العادي لا يضمن snapshot DB حية؛ db/backups غير ignored يعرض بيانات مستقبلية للرفع العلني,تشغيل: تنزيل المالك 404 ثم 200 بعد نقل fixture لموضع standalone؛ سكربت المسار النسبي exit1؛ WAL fixture raw copy: جدول مفقود، online backup: صف صحيح. DB الاختبار الحالي journal=delete,DATA_DIR مطلق خارج releases، DB path canonical، online backup/لقطة بعد وقف الكتابة، offsite encrypted backup للـ DB+files+manifest. قبول: upload ثم restart/rebuild يبقى readable؛ restore drill counts/checksums/FK سليمة؛ git check-ignore يرفض backups/DB/WAL؛ RPO/RTO مُعتمدان ومقاسان
F12,عالية,F12 — تأخر إصلاحات إطار التطبيق,Next16.1.3/React19.2.3/sharp0.34.5 مقابل إصدارات رسمية إصلاحية؛ انظر مصفوفة التنبيهات التالية,App Router/RSC جزء نشط يطابق تنبيهات DoS؛ أثر AVIF مرتبط بوصول بيانات متحكم بها إلى image optimizer. ليس إثبات RCE شامل للتطبيق,file lock + advisory matching؛ لم نجرِ payload تعطيل أو استغلال RCE,ترقية متوافقة في PR منفصل، اختبار DB/auth/editor/build/image surface، إغلاق optimizer غير المستخدم إذا لزم. قبول: تنبيهات قابلة للوصول مُصلحة أو تعطيل موثَّق، لا تراجع رحلات أو إدخال downgrade غير آمن
F13,متوسطة,F13 — غياب النشر والاستعادة المستقلين للغة,[publish:25][publish]، [restore:21][restore],نشر العربية ينشر الإنجليزية المعدلة أيضًا؛ اختيار رقم version يعيد مسودتي اللغتين؛ تاريخ الكتل لا يحفظ SEO والسياسات,تشغيل: طلب نشر مع locale=ar أنشأ إصداري ar/en ونشر تعديل الإنجليزية؛ restore شُغّل. خادم النشر يتجاهل locale,endpoints locale+revision، snapshot كاملة، diff/read-only version review، restore إلى draft فقط. قبول: hash/version للغة الأخرى لا يتغير، ولا نشر تلقائي عند الاستعادة
F14,متوسطة,F14 — هوية الجلسة وإبطال «الجلسات الأخرى»,[options:102][sessioniat]، `src/app/api/auth/sessions/route.ts`,sid مشتق من userId+iat قابل للتبدل عند إعادة توقيع NextAuth؛ نافذة bootstrap60s، UA/IP غائبان في الإنشاء. all=true يبطل المستخدم الحالي أيضًا عبر sessionsRevokedAt,تشغيل: إبطال الآخرين 200 ثم profile للجلسة الحالية 401. collision بنفس الثانية لم يثبت: ظهرت جلستان؛ بقية الأثر بالكود ويحتاج اختبار rolling/60s,sid عشوائي ثابت يُنشأ عند الدخول، DB سجل دقيق، immutable issuedAt، revoke المحدد دون cutoff يطال current. قبول: current تبقى، others401، تغيير role/status/password يطبق كما اعتمد؛ cookie refresh والانتظار لا يولدان جلسات أو logout غير مطلوب
F15,متوسطة,F15 — حماية آخر مدير قابلة للتجاوز,"`src/app/api/admin/users/[id]/route.ts:149,163`",count ثم update بلا transaction، والحماية لا تغطي تحويل آخر super_admin إلى pending_verification؛ قد يقفل الفريق حساب الإدارة,كود؛ لم نجرب تعطيل مديري إنتاج,invariant ذري لكل status/role transition، recovery runbook. قبول: تعديلان متزامنان أو pending لا يتركان صفر مدير نشط؛ deny client/suspended/غير صاحب users.roles
F16,متوسطة,F16 — تغييرات الأعمال وإعادة المحاولة غير متسقة,[request-service:145][messageswrite]، publish aggregate خارج transaction، PATCH home/redirect؛ invite/settings APIs,message ثم status ثم notify/audit قد تُحفظ جزئيًا؛ retry قد يكرر؛ duplicate-message يقرأ آخر رسالة فقط ويفصل check/create؛ max(version)+1 يتسابق,كود؛ القياس التسلسلي لم يعط 500 ولا يثبت صحة التزامن,service transaction للحقائق الأساسية + idempotencyKey unique scoped، outbox للأثر الخارجي، invariant ل home/slug/version. قبول: retries متزامنة تعيد نتيجة واحدة، فشل البريد لا يفقد الرسالة؛ failure injection قبل/بعد commit يثبت اتساق الحالة
F17,متوسطة,F17 — pending claim دائم وتعطيل تدفقات الربط,[claim:48][claimblock]، [issueToken:27][tokensissue]، RequestClaim,أول طلب pending يمنع أي محاولة لاحقة بلا expiry/retry؛ رمز claim جديد للمستخدم يبطل رموزه الأخرى. فرصة حجز طلب غير مربوط وتعطيل مالكه,كود؛ تجربة F01 أنشأت pending متعدد الموارد,pending expiry/nonce لكل مورد، إعادة إرسال آمنة، تنظيف/إلغاء، حد محاولات. قبول: المالك يستطيع الربط بعد انتهاء/إلغاء pending؛ بدء طلب ثانٍ لا يبطل رمز الأول
F18,متوسطة,F18 — تحقق API ناقص وأنواع كتلة موروثة,[blocks:436][blockcheck]، [PATCH:67][pagebody]، request/inquiry/list APIs,JSON null/مصفوفة وقيم page غير صحيحة قد تسبب 500؛ `type in blockSchemas` يقبل __proto__/constructor/toString ثم يرمي exception؛ تخزين raw JSON يفقد normalization,التشغيل المباشر: أنواع prototype الثلاثة ترمي exception؛ بقية null/pagination بالقراءة، لا ادعاء HTTP exploit لها,object schemas + bounded body + integer pagination + own-key check؛ تخزين validated output. قبول: corpus مدخلات تالفة 400 ثابتة بلا 500، defaults/unknown keys معلومة؛ لا SQL unsafe، URL protocols allowlist
F19,متوسطة,F19 — حدود المعدل و Origin غير مكتملة,[ratelimit:20][rate]، [origin:63][origin]، public request/inquiry، auth/options,Map بلا eviction للنقاط القديمة، كل process مستقل؛ raw x-forwarded-for يعتمد على proxy غير متحقق؛ بعض البريد/الرفع/الردود بلا quotas. Origin يقارن host فقط ويقبل غيابه,كود؛ cross-origin PATCH403 متحقق. لم نثبت CSRF متصفحي لأن SameSite و JSON/preflight يوفران حواجز إضافية,trusted proxy واحد مع إزالة header العميل، bounded TTL/LRU، user/IP/body limits، base origin كامل، سياسات واضحة لكل write. قبول: bursts429 وحد أقصى للذاكرة، headers مزيفة لا تتجاوز الحد، cross-site writes مرفوضة؛ shared store فقط عند مثيلات متعددة
F20,متوسطة,F20 — بيانات الهوية والـ DTO أوسع من المطلوب,`src/app/api/requests/route.ts:94`، inquiry route؛ [client serializer:58][clientdto],name/email من session تُستبدل لاحقًا بحقول body مع بقاء clientId صحيحًا؛ الرد إلى client يضم DB scalar/metadata زائدًا كـ storedName وحقول داخلية للتشغيل,كود؛ عزل internal_note في الطلب متحقق (marker=false)، لا ندعي تسريبها في serializer نفسه,فصل contact snapshot عن identity، DTO allowlist لكل جمهور، note kind و attachment visibility. قبول: userId/role/ownerId لا يؤخذ من body، authenticated identity ثابتة حسب السياسة؛ private fields لا تصل للعميل/guest/log/cache
F21,متوسطة,F21 — بريد مباشر بلا إعادة محاولة واستعلام N+1,[request-service:223][mailfanout]، [email:60][emailsmtp],إرسال متسلسل لكل موظف و findUnique لكل واحد؛ فشل البريد/انقطاع السيرفر لا يعاد تلقائيًا؛ EmailLog ليس queue,كود؛ SMTP الحقيقي غير مشغّل في الفحص,jobs داخل DB تُنشأ مع المعاملة، worker محدود مع lease/CAS و backoff/maxAttempts وتنبيه failed. قبول: response لا ينتظر SMTP؛ restart يستأنف jobs؛ لا كشف رموز للعامل/الدور غير المصرح؛ dedup ولا ادعاء exactly-once SMTP
F22,متوسطة,F22 — استعلامات وردود تنمو مع البيانات,"[request-service:61][clientdto]، `src/app/api/admin/requests/route.ts:17,103`، [dashboard:50][dashboarddata]",المحادثة تعيد التاريخ كله مع polling؛ list يجلب كل messages للطلبات المختارة لتحديد آخر رسالة؛ overdue و stats يتعاملان مع مجموعات كاملة,"تشغيل: رد تفاصيل طلب بعد 500 رسالة إضافية 238,780 bytes، dashboard20 استعلامًا مع auth؛ لا فشل locking في الحمل القصير",cursor pagination/delta، select/take لآخر رسالة/aggregates، deadline query/index بعد EXPLAIN. قبول: حجم وعدد الصفوف bounded مع 1k/10k fixtures، أول 50 رسالة≤50KiB، query count لا يزيد خطيًا؛ لا ادعاء أن 20 query وحدها N+1
F23,متوسطة,F23 — bundle عام ومحرر أكبر من الحاجة,[renderer:1][renderer]، الكتل كلها client، [layout fonts][layout]، image/gallery,كل عارضات 27 نوع كتلة تُستورد في Client boundary؛ pure text/CMS لا تحتاج كلها hydration؛ الصور img بلا أبعاد/srcset؛ الحفظ يصير مع state واسع,"تشغيل: home/contact227KiB JS encoded و 753KiB decoded؛ editor416KiB encoded/1,443KiB decoded. profiling تكرار render لم يُنفذ",عارض server للكتل الساكنة وجزر تفاعل، lazy editor/rich-text/media dialogs، خطوط حسب locale، صور dimensions/variants. قبول: تخفيض budget دون تغيير التصميم وصدق works؛ profiler60-block page قبل/بعد، حفظ لا يعيد كل الكتل غير المعدلة
F24,متوسطة,F24 — إتاحة وحركة ومعاينة أجهزة غير صحيحة,[hero:39][hero]، [editor:660][editortabs]، preview width في editor، screenshots/axe,reduced-motion يخفي headline/CTA و art؛ Tabs aria-controls بلا tabpanel؛ تباين hints/أزرار؛ preview يضيق container ولا يغير viewport CSS؛ mobile account CLS≈0.188,تشغيل ar/en: hero opacity0 مع reduce و 1 دونها؛ axe contrast و ARIA، CLS. صحة preview بالكود؛ keyboard كاملة تحتاج اختبار,initial=false/visible في reduce، TabsContent صحيح، contrast AA، skeleton ثابت، iframe preview ذو viewport محكوم. قبول: الأربع حالات lang/width + الحركة تعمل؛ axe صفر critical/serious؛ Tab/Enter/Escape و focus trap/SR يدوي؛ preview يطابق صفحة فعلية 375/768/1280
F25,متوسطة,F25 — فقد تعديلات عند التنقل/الشبكة,[editor:409][leaveguard]، autosave hooks، `src/components/form/project-request-form.tsx`,beforeunload لا يغطي كل Next Link navigation؛ debounce request draft و autosave بحاجة اختبار unmount/offline/order؛ لا حماية كافية مثبتة لجميع الرحلات,كود؛ لم نفحص كل internal-navigation/failure سيناريو. توجد retry UI و conflict dialog، لا نقول لا معالجة أخطاء مطلقًا,pending-save queue، navigation guard، draft recovery scoped للمستخدم، retries idempotent. قبول: تعديل ثم خروج/انقطاع/عودة لا يختفي بلا تنبيه؛ حفظ قديم بطيء لا يسبق الجديد؛ لا draft حساس في cache عام
F26,متوسطة,F26 — seed قد يعيد/يمحو محتوى محرر,[seed:214][seed]، [PATCH:98][pagecas],lookup بالـ slug بدل sourceKey؛ rename قد يعيد الصفحة القديمة في reseed، وتعديل metadata فقط لا يضع editorTouchedAt فلا يحميه seed,كود؛ seed rerun العادي ناجح، edge cases لم تُجرَّب؛ F08 أثبت تعديل SEO خارج block flow,sourceKey ثابت unique عند الحاجة + mark touched لكل edit؛ seed create-only للمواد التحريرية بعد bootstrap. قبول: run مرتين وبعد rename/SEO-only لا تكرار ولا تغيير checksum لمحتوى المستخدم؛ menu/settings تُحترم
F27,متوسطة,F27 — CI وجودة الأنواع لا تغطي المخاطر,[CI][ci]، [eslint][eslint]، [tsconfig][tsconfig]؛ editor≈1038 سطر، requests-client≈813/detail≈742,Bun latest بلا Node pin؛ لا DB integration/E2E/security rejection tests؛ تعطيل واسع لقواعد hooks/types/unused يجعل lint pass محدود الدلالة؛ helpers وتحقق overdue مكرر,تشغيل Node20:6 ملفات 63 tests pass لكن worker jsdom يفشل؛ Node24:7 ملفات 67pass. typecheck/build/lint pass,تثبيت الأدوات، مصفوفة runtime، tests حقيقية للعيوب، types للـ DTO، extraction modules ثم إعادة rules تدريجيًا. قبول: كل 5checks + migration/restore/security/browser gates؛ زيادة صرامة دون disable جماعي أو حذف اختبارات
F28,متوسطة,F28 — CSV formula injection في التصدير,`src/app/api/admin/requests/export/route.ts:44` و`inquiries/export/route.ts:18`,csvEscape يقتبس الفواصل/الاقتباسات فقط؛ حقل مدخل يبدأ بعلامة صيغة قد يُفسَّر في spreadsheet عند فتح ملف موظف,كود؛ لم نشغل Excel/LibreOffice أو نستغل صيغة خارجية,تصدير يعامل الحقول غير الموثوقة كنص وفق السياسة المختبرة؛ corpus يشمل =/+/-/@ و tabs/newlines. قبول: الملف يبقى صالحًا وحقول المستخدم لا تُنفذ كصيغ في أدوات الفريق؛ يُدرج ضمن W07؛ [مرجع OWASP](https://community.owasp.org/attacks/CSV_Injection)
F29,متوسطة,F29 — أداة حسابات demo بكلمات مرور ثابتة,`scripts/restore-demo-users.ts`,تشغيلها على DB إنتاج قد ينشئ/يعيد حسابات قابلة للدخول بقيم علنية؛ لا guard يمنع production. لا دليل أنها شُغلت هناك,كود؛ لم نطبع القيم أو نستخدم الأداة,guard محلي صريح مع DB اختبار فقط، وإخراجها من مسار التشغيل الإنتاجي؛ مراجعة الحسابات القائمة بتفويض منفصل. قبول: التشغيل ببيئة إنتاج أو DB غير مصطنعة يُرفض؛ ضمن W01/W07
