package,kind,package_json_range,bun_lock_version,installed_version,license,source_imports,usage_note
@dnd-kit/core,production,^6.3.1,6.3.1,6.3.1,MIT,src/components/admin/editor/editor-canvas.tsx,source-import-observed
@dnd-kit/sortable,production,^10.0.0,10.0.0,10.0.0,MIT,src/components/admin/editor/editor-canvas.tsx,source-import-observed
@dnd-kit/utilities,production,^3.2.2,3.2.2,3.2.2,MIT,src/components/admin/editor/editor-canvas.tsx,source-import-observed
@fontsource/ibm-plex-sans,production,^5.3.0,5.3.0,5.3.0,OFL-1.1,src/app/[locale]/layout.tsx,source-import-observed
@fontsource/ibm-plex-sans-arabic,production,^5.3.0,5.3.0,5.3.0,OFL-1.1,src/app/[locale]/layout.tsx,source-import-observed
@hookform/resolvers,production,^5.1.1,5.2.2,5.2.2,MIT,,check-config-cli-framework-css-or-dormant
@mdxeditor/editor,production,^3.39.1,3.52.3,3.52.3,MIT,,check-config-cli-framework-css-or-dormant
@prisma/client,production,^6.11.1,6.19.2,6.19.2,Apache-2.0,scripts/create-admin.ts; scripts/restore-demo-users.ts; src/lib/db.ts,source-import-observed
@radix-ui/react-accordion,production,^1.2.11,1.2.12,1.2.12,MIT,src/components/site/faq-accordion.tsx; src/components/ui/accordion.tsx,source-import-observed
@radix-ui/react-alert-dialog,production,^1.1.14,1.1.15,1.1.15,MIT,src/components/ui/alert-dialog.tsx,source-import-observed
@radix-ui/react-aspect-ratio,production,^1.1.7,1.1.8,1.1.8,MIT,src/components/ui/aspect-ratio.tsx,source-import-observed
@radix-ui/react-avatar,production,^1.1.10,1.1.11,1.1.11,MIT,src/components/ui/avatar.tsx,source-import-observed
@radix-ui/react-checkbox,production,^1.3.2,1.3.3,1.3.3,MIT,src/components/ui/checkbox.tsx,source-import-observed
@radix-ui/react-collapsible,production,^1.1.11,1.1.12,1.1.12,MIT,src/components/ui/collapsible.tsx,source-import-observed
@radix-ui/react-context-menu,production,^2.2.15,2.2.16,2.2.16,MIT,src/components/ui/context-menu.tsx,source-import-observed
@radix-ui/react-dialog,production,^1.1.14,1.1.15,1.1.15,MIT,src/components/ui/dialog.tsx; src/components/ui/sheet.tsx,source-import-observed
@radix-ui/react-dropdown-menu,production,^2.1.15,2.1.16,2.1.16,MIT,src/components/ui/dropdown-menu.tsx,source-import-observed
@radix-ui/react-hover-card,production,^1.1.14,1.1.15,1.1.15,MIT,src/components/ui/hover-card.tsx,source-import-observed
@radix-ui/react-label,production,^2.1.7,2.1.8,2.1.8,MIT,src/components/ui/form.tsx; src/components/ui/label.tsx,source-import-observed
@radix-ui/react-menubar,production,^1.1.15,1.1.16,1.1.16,MIT,src/components/ui/menubar.tsx,source-import-observed
@radix-ui/react-navigation-menu,production,^1.2.13,1.2.14,1.2.14,MIT,src/components/ui/navigation-menu.tsx,source-import-observed
@radix-ui/react-popover,production,^1.1.14,1.1.15,1.1.15,MIT,src/components/ui/popover.tsx,source-import-observed
@radix-ui/react-progress,production,^1.1.7,1.1.8,1.1.8,MIT,src/components/ui/progress.tsx,source-import-observed
@radix-ui/react-radio-group,production,^1.3.7,1.3.8,1.3.8,MIT,src/components/ui/radio-group.tsx,source-import-observed
@radix-ui/react-scroll-area,production,^1.2.9,1.2.10,1.2.10,MIT,src/components/ui/scroll-area.tsx,source-import-observed
@radix-ui/react-select,production,^2.2.5,2.2.6,2.2.6,MIT,src/components/ui/select.tsx,source-import-observed
@radix-ui/react-separator,production,^1.1.7,1.1.8,1.1.8,MIT,src/components/ui/separator.tsx,source-import-observed
@radix-ui/react-slider,production,^1.3.5,1.3.6,1.3.6,MIT,src/components/ui/slider.tsx,source-import-observed
@radix-ui/react-slot,production,^1.2.3,1.2.4,1.2.4,MIT,src/components/ui/badge.tsx; src/components/ui/breadcrumb.tsx; src/components/ui/button.tsx; src/components/ui/form.tsx; src/components/ui/sidebar.tsx,source-import-observed
@radix-ui/react-switch,production,^1.2.5,1.2.6,1.2.6,MIT,src/components/ui/switch.tsx,source-import-observed
@radix-ui/react-tabs,production,^1.1.12,1.1.13,1.1.13,MIT,src/components/ui/tabs.tsx,source-import-observed
@radix-ui/react-toast,production,^1.2.14,1.2.15,1.2.15,MIT,src/components/ui/toast.tsx,source-import-observed
@radix-ui/react-toggle,production,^1.1.9,1.1.10,1.1.10,MIT,src/components/ui/toggle.tsx,source-import-observed
@radix-ui/react-toggle-group,production,^1.1.10,1.1.11,1.1.11,MIT,src/components/ui/toggle-group.tsx,source-import-observed
@radix-ui/react-tooltip,production,^1.2.7,1.2.8,1.2.8,MIT,src/components/ui/tooltip.tsx,source-import-observed
@reactuses/core,production,^6.0.5,6.1.9,6.1.9,Unlicense,,check-config-cli-framework-css-or-dormant
@tanstack/react-query,production,^5.82.0,5.90.19,5.90.19,MIT,,check-config-cli-framework-css-or-dormant
@tanstack/react-table,production,^8.21.3,8.21.3,8.21.3,MIT,,check-config-cli-framework-css-or-dormant
bcryptjs,production,^3.0.3,3.0.3,3.0.3,BSD-3-Clause,scripts/create-admin.ts; scripts/restore-demo-users.ts; src/app/api/auth/change-password/route.ts; src/app/api/auth/invite/route.ts; src/app/api/auth/register/route.ts; src/app/api/auth/reset-password/route.ts; src/lib/auth/options.ts,source-import-observed
class-variance-authority,production,^0.7.1,0.7.1,0.7.1,Apache-2.0,src/components/ui/alert.tsx; src/components/ui/badge.tsx; src/components/ui/button.tsx; src/components/ui/navigation-menu.tsx; src/components/ui/sidebar.tsx; src/components/ui/toast.tsx; src/components/ui/toggle-group.tsx; src/components/ui/toggle.tsx,source-import-observed
clsx,production,^2.1.1,2.1.1,2.1.1,MIT,src/lib/utils.ts,source-import-observed
cmdk,production,^1.1.1,1.1.1,1.1.1,MIT,src/components/ui/command.tsx,source-import-observed
date-fns,production,^4.1.0,4.1.0,4.1.0,MIT,src/components/account/format.ts; src/components/admin/helpers.ts,source-import-observed
embla-carousel-react,production,^8.6.0,8.6.0,8.6.0,MIT,src/components/ui/carousel.tsx,source-import-observed
framer-motion,production,^12.23.2,12.26.2,12.26.2,MIT,src/components/blocks/hero-block.tsx; src/components/home/hero.tsx; src/components/site/cloud-hero-art.tsx,source-import-observed
input-otp,production,^1.4.2,1.4.2,1.4.2,MIT,src/components/ui/input-otp.tsx,source-import-observed
lucide-react,production,^0.525.0,0.525.0,0.525.0,ISC,src/app/[locale]/account/page.tsx; src/app/[locale]/admin/page.tsx; src/app/[locale]/admin/pages/[id]/preview/preview-shell.tsx; src/app/[locale]/admin/pages/pages-client.tsx; src/app/[locale]/auth/_components/forgot-form.tsx; src/app/[locale]/auth/_components/invite-form.tsx; src/app/[locale]/auth/_components/login-form.tsx; src/app/[locale]/auth/_components/logout-action.tsx; src/app/[locale]/auth/_components/register-form.tsx; src/app/[locale]/auth/_components/reset-form.tsx; src/app/[locale]/auth/verified/page.tsx; src/components/account/account-shell.tsx; src/components/account/inquiries-view.tsx; src/components/account/inquiry-detail-view.tsx; src/components/account/new-inquiry-dialog.tsx; src/components/account/new-request-view.tsx; src/components/account/notifications-view.tsx; src/components/account/profile-form.tsx; src/components/account/request-detail-view.tsx; src/components/account/requests-view.tsx; src/components/account/security-view.tsx; src/components/admin/admin-shell.tsx; src/components/admin/audit/audit-client.tsx; src/components/admin/command-palette.tsx; src/components/admin/conversation.tsx; src/components/admin/editor/block-library.tsx; src/components/admin/editor/block-palette.tsx; src/components/admin/editor/editor-canvas.tsx; src/components/admin/editor/media-picker.tsx; src/components/admin/editor/page-editor.tsx; src/components/admin/editor/page-settings-dialog.tsx; src/components/admin/editor/properties-panel.tsx; src/components/admin/editor/props-form.tsx; src/components/admin/editor/versions-dialog.tsx; src/components/admin/empty-state.tsx; src/components/admin/inquiries/inquiries-client.tsx; src/components/admin/inquiries/inquiry-detail-client.tsx; src/components/admin/media/media-client.tsx; src/components/admin/menus/menus-client.tsx; src/components/admin/notifications/notifications-client.tsx; src/components/admin/outbox/outbox-client.tsx; src/components/admin/pagination.tsx; src/components/admin/requests/request-detail-client.tsx; src/components/admin/requests/requests-client.tsx; src/components/admin/requests/saved-replies-dialog.tsx; src/components/admin/settings/settings-client.tsx; src/components/admin/users/user-detail-client.tsx; src/components/admin/users/users-client.tsx; src/components/blocks/contact-info-block.tsx; src/components/blocks/hero-block.tsx; src/components/blocks/nav-cta-banner.tsx; src/components/blocks/numbered-values-block.tsx; src/components/blocks/process-full-block.tsx; src/components/blocks/request-form-block.tsx; src/components/blocks/rich-text-block.tsx; src/components/blocks/services-detail-block.tsx; src/components/blocks/vision-mission-block.tsx; src/components/blocks/works-full-block.tsx; src/components/blocks/works-showcase-block.tsx; src/components/form/project-request-form.tsx; src/components/home/hero.tsx; src/components/home/home-works.tsx; src/components/pages/about-page.tsx; src/components/pages/contact-page.tsx; src/components/pages/process-page.tsx; src/components/pages/services-page.tsx; src/components/pages/works-page.tsx; src/components/site/announcement-bar.tsx; src/components/site/faq-accordion.tsx; src/components/site/language-switcher.tsx; src/components/site/service-icon.tsx; src/components/site/site-footer.tsx; src/components/site/site-header.tsx; src/components/ui/accordion.tsx; src/components/ui/breadcrumb.tsx; src/components/ui/calendar.tsx; src/components/ui/carousel.tsx; src/components/ui/checkbox.tsx; src/components/ui/command.tsx; src/components/ui/context-menu.tsx; src/components/ui/dialog.tsx; src/components/ui/dropdown-menu.tsx; src/components/ui/input-otp.tsx; src/components/ui/menubar.tsx; src/components/ui/navigation-menu.tsx; src/components/ui/pagination.tsx; src/components/ui/radio-group.tsx; src/components/ui/resizable.tsx; src/components/ui/select.tsx; src/components/ui/sheet.tsx; src/components/ui/sidebar.tsx; src/components/ui/toast.tsx; src/components/works/booking-prototype.tsx,source-import-observed
next,production,^16.1.1,16.1.3,16.1.3,MIT,src/app/[locale]/[[...slug]]/page.tsx; src/app/[locale]/account/inquiries/[id]/page.tsx; src/app/[locale]/account/inquiries/page.tsx; src/app/[locale]/account/layout.tsx; src/app/[locale]/account/notifications/page.tsx; src/app/[locale]/account/page.tsx; src/app/[locale]/account/profile/page.tsx; src/app/[locale]/account/requests/[id]/page.tsx; src/app/[locale]/account/requests/new/page.tsx; src/app/[locale]/account/requests/page.tsx; src/app/[locale]/account/security/page.tsx; src/app/[locale]/admin/layout.tsx; src/app/[locale]/admin/page.tsx; src/app/[locale]/admin/pages/[id]/preview/page.tsx; src/app/[locale]/admin/pages/[id]/preview/preview-shell.tsx; src/app/[locale]/admin/pages/pages-client.tsx; src/app/[locale]/auth/_components/forgot-form.tsx; src/app/[locale]/auth/_components/invite-form.tsx; src/app/[locale]/auth/_components/login-form.tsx; src/app/[locale]/auth/_components/register-form.tsx; src/app/[locale]/auth/_components/reset-form.tsx; src/app/[locale]/auth/forgot-password/page.tsx; src/app/[locale]/auth/invite/page.tsx; src/app/[locale]/auth/layout.tsx; src/app/[locale]/auth/login/page.tsx; src/app/[locale]/auth/logout/page.tsx; src/app/[locale]/auth/register/page.tsx; src/app/[locale]/auth/reset-password/page.tsx; src/app/[locale]/auth/verified/page.tsx; src/app/[locale]/layout.tsx; src/app/api/account/claim-verify/route.ts; src/app/api/account/drafts/route.ts; src/app/api/account/inquiries/[id]/messages/route.ts; src/app/api/account/inquiries/[id]/route.ts; src/app/api/account/inquiries/route.ts; src/app/api/account/notifications/route.ts; src/app/api/account/profile/route.ts; src/app/api/account/requests/[id]/messages/route.ts; src/app/api/account/requests/[id]/route.ts; src/app/api/account/requests/claim/route.ts; src/app/api/account/requests/route.ts; src/app/api/admin/audit/route.ts; src/app/api/admin/dashboard/route.ts; src/app/api/admin/inquiries/[id]/messages/route.ts; src/app/api/admin/inquiries/[id]/route.ts; src/app/api/admin/inquiries/bulk/route.ts; src/app/api/admin/inquiries/export/route.ts; src/app/api/admin/inquiries/route.ts; src/app/api/admin/media/[id]/route.ts; src/app/api/admin/media/route.ts; src/app/api/admin/menus/route.ts; src/app/api/admin/outbox/route.ts; src/app/api/admin/pages/[id]/publish/route.ts; src/app/api/admin/pages/[id]/route.ts; src/app/api/admin/pages/[id]/versions/[version]/restore/route.ts; src/app/api/admin/pages/[id]/versions/route.ts; src/app/api/admin/pages/route.ts; src/app/api/admin/requests/[id]/route.ts; src/app/api/admin/requests/bulk/route.ts; src/app/api/admin/requests/export/route.ts; src/app/api/admin/requests/route.ts; src/app/api/admin/saved-replies/[id]/route.ts; src/app/api/admin/saved-replies/route.ts; src/app/api/admin/search/route.ts; src/app/api/admin/settings/route.ts; src/app/api/admin/users/[id]/route.ts; src/app/api/admin/users/route.ts; src/app/api/attachments/[id]/route.ts; src/app/api/attachments/route.ts; src/app/api/auth/change-password/route.ts; src/app/api/auth/forgot-password/route.ts; src/app/api/auth/invite/route.ts; src/app/api/auth/register/route.ts; src/app/api/auth/reset-password/route.ts; src/app/api/auth/sessions/route.ts; src/app/api/auth/verify-email/route.ts; src/app/api/inquiries/route.ts; src/app/api/media/[id]/route.ts; src/app/api/requests/route.ts; src/app/not-found.tsx; src/app/robots.ts; src/app/sitemap.ts; src/components/account/account-shell.tsx; src/components/account/inquiries-view.tsx; src/components/account/inquiry-detail-view.tsx; src/components/account/new-inquiry-dialog.tsx; src/components/account/new-request-view.tsx; src/components/account/notifications-view.tsx; src/components/account/profile-form.tsx; src/components/account/request-detail-view.tsx; src/components/account/requests-view.tsx; src/components/admin/admin-shell.tsx; src/components/admin/command-palette.tsx; src/components/admin/editor/page-editor.tsx; src/components/admin/guard.ts; src/components/admin/inquiries/inquiries-client.tsx; src/components/admin/inquiries/inquiry-detail-client.tsx; src/components/admin/notifications/notifications-client.tsx; src/components/admin/requests/request-detail-client.tsx; src/components/admin/requests/requests-client.tsx; src/components/admin/users/user-detail-client.tsx; src/components/admin/users/users-client.tsx; src/components/blocks/block-link.tsx; src/components/blocks/hero-block.tsx; src/components/blocks/process-full-block.tsx; src/components/blocks/request-form-shell.tsx; src/components/blocks/services-detail-block.tsx; src/components/form/project-request-form.tsx; src/components/home/final-cta.tsx; src/components/home/hero.tsx; src/components/home/home-faq.tsx; src/components/home/home-services.tsx; src/components/home/home-works.tsx; src/components/pages/about-page.tsx; src/components/pages/contact-page.tsx; src/components/pages/faq-page.tsx; src/components/pages/process-page.tsx; src/components/pages/services-page.tsx; src/components/site/announcement-bar.tsx; src/components/site/language-switcher.tsx; src/components/site/site-footer.tsx; src/components/site/site-header.tsx; src/lib/auth/session.ts; src/lib/requests-service.ts; src/middleware.ts,source-import-observed
next-auth,production,^4.24.11,4.24.13,4.24.13,ISC,src/app/[locale]/auth/_components/login-form.tsx; src/app/[locale]/auth/_components/logout-action.tsx; src/app/api/auth/[...nextauth]/route.ts; src/app/api/auth/sessions/route.ts; src/components/account/security-view.tsx; src/lib/auth/options.ts; src/lib/auth/session.ts,source-import-observed
next-intl,production,^4.3.4,4.7.0,4.7.0,MIT,,check-config-cli-framework-css-or-dormant
next-themes,production,^0.4.6,0.4.6,0.4.6,MIT,src/components/ui/sonner.tsx,source-import-observed
nodemailer,production,^10.0.13,10.0.13,10.0.13,MIT-0,src/lib/auth/email.ts,source-import-observed
prisma,production,^6.11.1,6.19.2,6.19.2,Apache-2.0,,check-config-cli-framework-css-or-dormant
react,production,^19.0.0,19.2.3,19.2.3,MIT,src/app/[locale]/account/inquiries/page.tsx; src/app/[locale]/account/requests/page.tsx; src/app/[locale]/admin/pages/[id]/preview/preview-shell.tsx; src/app/[locale]/admin/pages/pages-client.tsx; src/app/[locale]/auth/_components/forgot-form.tsx; src/app/[locale]/auth/_components/invite-form.tsx; src/app/[locale]/auth/_components/login-form.tsx; src/app/[locale]/auth/_components/logout-action.tsx; src/app/[locale]/auth/_components/register-form.tsx; src/app/[locale]/auth/_components/reset-form.tsx; src/components/account/account-shell.tsx; src/components/account/inquiries-view.tsx; src/components/account/inquiry-detail-view.tsx; src/components/account/new-inquiry-dialog.tsx; src/components/account/new-request-view.tsx; src/components/account/notifications-view.tsx; src/components/account/profile-form.tsx; src/components/account/request-detail-view.tsx; src/components/account/requests-view.tsx; src/components/account/security-view.tsx; src/components/account/use-debounced.ts; src/components/admin/admin-shell.tsx; src/components/admin/audit/audit-client.tsx; src/components/admin/command-palette.tsx; src/components/admin/conversation.tsx; src/components/admin/editor/block-palette.tsx; src/components/admin/editor/editor-canvas.tsx; src/components/admin/editor/media-picker.tsx; src/components/admin/editor/page-editor.tsx; src/components/admin/editor/page-settings-dialog.tsx; src/components/admin/editor/props-form.tsx; src/components/admin/editor/versions-dialog.tsx; src/components/admin/inquiries/inquiries-client.tsx; src/components/admin/inquiries/inquiry-detail-client.tsx; src/components/admin/media/media-client.tsx; src/components/admin/menus/menus-client.tsx; src/components/admin/notifications/notifications-client.tsx; src/components/admin/outbox/outbox-client.tsx; src/components/admin/requests/request-detail-client.tsx; src/components/admin/requests/requests-client.tsx; src/components/admin/requests/saved-replies-dialog.tsx; src/components/admin/settings/settings-client.tsx; src/components/admin/use-debounced.ts; src/components/admin/users/user-detail-client.tsx; src/components/admin/users/users-client.tsx; src/components/blocks/block-container.tsx; src/components/blocks/block-link.tsx; src/components/blocks/request-form-block.tsx; src/components/blocks/request-form-shell.tsx; src/components/form/project-request-form.tsx; src/components/pages/contact-page.tsx; src/components/site/announcement-bar.tsx; src/components/site/language-switcher.tsx; src/components/site/section.tsx; src/components/site/site-header.tsx; src/components/ui/accordion.tsx; src/components/ui/alert-dialog.tsx; src/components/ui/alert.tsx; src/components/ui/avatar.tsx; src/components/ui/badge.tsx; src/components/ui/breadcrumb.tsx; src/components/ui/button.tsx; src/components/ui/calendar.tsx; src/components/ui/card.tsx; src/components/ui/carousel.tsx; src/components/ui/chart.tsx; src/components/ui/checkbox.tsx; src/components/ui/command.tsx; src/components/ui/context-menu.tsx; src/components/ui/dialog.tsx; src/components/ui/drawer.tsx; src/components/ui/dropdown-menu.tsx; src/components/ui/form.tsx; src/components/ui/hover-card.tsx; src/components/ui/input-otp.tsx; src/components/ui/input.tsx; src/components/ui/label.tsx; src/components/ui/menubar.tsx; src/components/ui/navigation-menu.tsx; src/components/ui/pagination.tsx; src/components/ui/popover.tsx; src/components/ui/progress.tsx; src/components/ui/radio-group.tsx; src/components/ui/resizable.tsx; src/components/ui/scroll-area.tsx; src/components/ui/select.tsx; src/components/ui/separator.tsx; src/components/ui/sheet.tsx; src/components/ui/sidebar.tsx; src/components/ui/slider.tsx; src/components/ui/switch.tsx; src/components/ui/table.tsx; src/components/ui/tabs.tsx; src/components/ui/textarea.tsx; src/components/ui/toast.tsx; src/components/ui/toggle-group.tsx; src/components/ui/toggle.tsx; src/components/ui/tooltip.tsx; src/components/works/booking-prototype.tsx; src/hooks/use-mobile.ts; src/hooks/use-toast.ts,source-import-observed
react-day-picker,production,^9.8.0,9.13.0,9.13.0,MIT,src/components/ui/calendar.tsx,source-import-observed
react-dom,production,^19.0.0,19.2.3,19.2.3,MIT,,check-config-cli-framework-css-or-dormant
react-hook-form,production,^7.60.0,7.71.1,7.71.1,MIT,src/components/ui/form.tsx,source-import-observed
react-markdown,production,^10.1.0,10.1.0,10.1.0,MIT,,check-config-cli-framework-css-or-dormant
react-resizable-panels,production,^3.0.3,3.0.6,3.0.6,MIT,src/components/ui/resizable.tsx,source-import-observed
react-syntax-highlighter,production,^15.6.1,15.6.6,15.6.6,MIT,,check-config-cli-framework-css-or-dormant
recharts,production,^2.15.4,2.15.4,2.15.4,MIT,src/components/ui/chart.tsx,source-import-observed
sharp,production,^0.34.3,0.34.5,0.34.5,Apache-2.0,,check-config-cli-framework-css-or-dormant
sonner,production,^2.0.6,2.0.7,2.0.7,MIT,src/app/[locale]/admin/pages/pages-client.tsx; src/app/[locale]/auth/_components/reset-form.tsx; src/components/account/inquiry-detail-view.tsx; src/components/account/new-inquiry-dialog.tsx; src/components/account/new-request-view.tsx; src/components/account/notifications-view.tsx; src/components/account/profile-form.tsx; src/components/account/request-detail-view.tsx; src/components/account/requests-view.tsx; src/components/account/security-view.tsx; src/components/admin/editor/media-picker.tsx; src/components/admin/editor/page-editor.tsx; src/components/admin/editor/page-settings-dialog.tsx; src/components/admin/editor/versions-dialog.tsx; src/components/admin/inquiries/inquiries-client.tsx; src/components/admin/inquiries/inquiry-detail-client.tsx; src/components/admin/media/media-client.tsx; src/components/admin/menus/menus-client.tsx; src/components/admin/notifications/notifications-client.tsx; src/components/admin/requests/request-detail-client.tsx; src/components/admin/requests/requests-client.tsx; src/components/admin/requests/saved-replies-dialog.tsx; src/components/admin/settings/settings-client.tsx; src/components/admin/users/users-client.tsx; src/components/ui/sonner.tsx,source-import-observed
tailwind-merge,production,^3.3.1,3.4.0,3.4.0,MIT,src/lib/utils.ts,source-import-observed
tailwindcss-animate,production,^1.0.7,1.0.7,1.0.7,MIT,,check-config-cli-framework-css-or-dormant
uuid,production,^11.1.0,11.1.0,11.1.0,MIT,,check-config-cli-framework-css-or-dormant
vaul,production,^1.1.2,1.1.2,1.1.2,MIT,src/components/ui/drawer.tsx,source-import-observed
z-ai-web-dev-sdk,production,^0.0.18,0.0.18,0.0.18,ISC,,check-config-cli-framework-css-or-dormant
zod,production,^4.0.2,4.3.5,4.3.5,MIT,src/components/blocks/button-link-block.tsx; src/components/blocks/columns-block.tsx; src/components/blocks/contact-info-block.tsx; src/components/blocks/cta-section-block.tsx; src/components/blocks/divider-block.tsx; src/components/blocks/faq-section-block.tsx; src/components/blocks/feature-grid-block.tsx; src/components/blocks/gallery-block.tsx; src/components/blocks/heading-block.tsx; src/components/blocks/hero-block.tsx; src/components/blocks/image-block.tsx; src/components/blocks/nav-cta-banner.tsx; src/components/blocks/numbered-list-block.tsx; src/components/blocks/numbered-values-block.tsx; src/components/blocks/page-header-block.tsx; src/components/blocks/process-full-block.tsx; src/components/blocks/process-steps-block.tsx; src/components/blocks/request-form-block.tsx; src/components/blocks/rich-text-block.tsx; src/components/blocks/services-detail-block.tsx; src/components/blocks/services-grid-block.tsx; src/components/blocks/simple-table-block.tsx; src/components/blocks/spacer-block.tsx; src/components/blocks/text-block.tsx; src/components/blocks/vision-mission-block.tsx; src/components/blocks/works-full-block.tsx; src/components/blocks/works-showcase-block.tsx; src/lib/blocks/types.ts,source-import-observed
zustand,production,^5.0.6,5.0.10,5.0.10,MIT,,check-config-cli-framework-css-or-dormant
@tailwindcss/postcss,development,^4,4.1.18,4.1.18,MIT,,check-config-cli-framework-css-or-dormant
@testing-library/jest-dom,development,^7.0.1,7.0.1,7.0.1,MIT,vitest.setup.ts,source-import-observed
@testing-library/react,development,^16.3.3,16.3.3,16.3.3,MIT,src/components/site/__tests__/faq-accordion.test.tsx,source-import-observed
@testing-library/user-event,development,^14.6.7,14.6.7,14.6.7,MIT,src/components/site/__tests__/faq-accordion.test.tsx,source-import-observed
@types/bcryptjs,development,^3.0.0,3.0.0,3.0.0,MIT,,check-config-cli-framework-css-or-dormant
@types/nodemailer,development,^8.0.2,8.0.2,8.0.2,MIT,,check-config-cli-framework-css-or-dormant
@types/react,development,^19,19.2.8,19.2.8,MIT,,check-config-cli-framework-css-or-dormant
@types/react-dom,development,^19,19.2.3,19.2.3,MIT,,check-config-cli-framework-css-or-dormant
@vitejs/plugin-react,development,^6.1.1,6.1.1,6.1.1,MIT,,check-config-cli-framework-css-or-dormant
bun-types,development,^1.3.4,1.3.6,1.3.6,MIT,,check-config-cli-framework-css-or-dormant
eslint,development,^9,9.39.2,9.39.2,MIT,,check-config-cli-framework-css-or-dormant
eslint-config-next,development,^16.1.1,16.1.3,16.1.3,MIT,eslint.config.mjs,source-import-observed
jsdom,development,^30.1.1,30.1.1,30.1.1,MIT,,check-config-cli-framework-css-or-dormant
tailwindcss,development,^4,4.1.18,4.1.18,MIT,,check-config-cli-framework-css-or-dormant
tw-animate-css,development,^1.3.5,1.4.0,1.4.0,MIT,,check-config-cli-framework-css-or-dormant
typescript,development,^5,5.9.3,5.9.3,Apache-2.0,,check-config-cli-framework-css-or-dormant
vitest,development,^5.0.3,5.0.3,5.0.3,MIT,src/components/site/__tests__/faq-accordion.test.tsx; src/content/__tests__/parity.test.ts; src/content/__tests__/portal-parity.test.ts; src/lib/__tests__/blocks.test.ts; src/lib/__tests__/permissions.test.ts; src/lib/__tests__/ratelimit.test.ts; src/lib/__tests__/validation.test.ts; vitest.config.ts,source-import-observed
